Id,First Name,Last Name,Email
1,Rohit,Kumar,rohit.rtb.com
2,Mohit,Kumar,mohit.rtb.com
3,Sagar,Singh,sagar.rtb.com
4,Nidhi,Kumari,nidhi.rtb.com
5,Priya,Kumari,priya.rtb.com
6,Shubham,Kumar Mishra,shubham.rtb.com
7,Satyam,Kumar,satyam.rtb.com
8,Suraj,Kumar,suraj.rtb.com
9,Saket,Sourav,saket.rtb.com
10,Bittu,Pathak,bittu.rtb.com
created @ Fri Feb 25 00:19:43 IST 2022